,metric,industry,value
2023-01-01,Compliance Actions,forestry,19
2023-01-01,Employees Employed in Violation,forestry,833
2023-01-01,Employees Receiving Back Wages,forestry,784
2023-01-01,Back Wages,forestry,1490542.95
2023-01-01,Civil Money Penalties Assessed,forestry,642160.4
2022-01-01,Compliance Actions,forestry,14
2022-01-01,Employees Employed in Violation,forestry,68
2022-01-01,Employees Receiving Back Wages,forestry,67
2022-01-01,Back Wages,forestry,70178.34
2022-01-01,Civil Money Penalties Assessed,forestry,69179.8
2021-01-01,Compliance Actions,forestry,24
2021-01-01,Employees Employed in Violation,forestry,172
2021-01-01,Employees Receiving Back Wages,forestry,141
2021-01-01,Back Wages,forestry,131125.44
2021-01-01,Civil Money Penalties Assessed,forestry,204575.99
2020-01-01,Compliance Actions,forestry,35
2020-01-01,Employees Employed in Violation,forestry,918
2020-01-01,Employees Receiving Back Wages,forestry,590
2020-01-01,Back Wages,forestry,399621.13
2020-01-01,Civil Money Penalties Assessed,forestry,54739.71
2019-01-01,Compliance Actions,forestry,51
2019-01-01,Employees Employed in Violation,forestry,1130
2019-01-01,Employees Receiving Back Wages,forestry,624
2019-01-01,Back Wages,forestry,741217.12
2019-01-01,Civil Money Penalties Assessed,forestry,380326.94
2018-01-01,Compliance Actions,forestry,36
2018-01-01,Employees Employed in Violation,forestry,311
2018-01-01,Employees Receiving Back Wages,forestry,185
2018-01-01,Back Wages,forestry,140022.33
2018-01-01,Civil Money Penalties Assessed,forestry,175004.63
2017-01-01,Compliance Actions,forestry,55
2017-01-01,Employees Employed in Violation,forestry,541
2017-01-01,Employees Receiving Back Wages,forestry,489
2017-01-01,Back Wages,forestry,689919.8
2017-01-01,Civil Money Penalties Assessed,forestry,189544.9
2016-01-01,Compliance Actions,forestry,45
2016-01-01,Employees Employed in Violation,forestry,483
2016-01-01,Employees Receiving Back Wages,forestry,446
2016-01-01,Back Wages,forestry,1011373.98
2016-01-01,Civil Money Penalties Assessed,forestry,31250
2015-01-01,Compliance Actions,forestry,61
2015-01-01,Employees Employed in Violation,forestry,1217
2015-01-01,Employees Receiving Back Wages,forestry,993
2015-01-01,Back Wages,forestry,851031.06
2015-01-01,Civil Money Penalties Assessed,forestry,847650.25
2014-01-01,Compliance Actions,forestry,61
2014-01-01,Employees Employed in Violation,forestry,674
2014-01-01,Employees Receiving Back Wages,forestry,554
2014-01-01,Back Wages,forestry,517696.85
2014-01-01,Civil Money Penalties Assessed,forestry,106788.18
2013-01-01,Compliance Actions,forestry,52
2013-01-01,Employees Employed in Violation,forestry,368
2013-01-01,Employees Receiving Back Wages,forestry,295
2013-01-01,Back Wages,forestry,622024
2013-01-01,Civil Money Penalties Assessed,forestry,65697
2023-01-01,Compliance Actions,amusement,173
2023-01-01,Employees Employed in Violation,amusement,1065
2023-01-01,Employees Receiving Back Wages,amusement,573
2023-01-01,Back Wages,amusement,267237.96
2023-01-01,Civil Money Penalties Assessed,amusement,766339.61
2022-01-01,Compliance Actions,amusement,182
2022-01-01,Employees Employed in Violation,amusement,929
2022-01-01,Employees Receiving Back Wages,amusement,665
2022-01-01,Back Wages,amusement,420903.6
2022-01-01,Civil Money Penalties Assessed,amusement,331938.03
2021-01-01,Compliance Actions,amusement,287
2021-01-01,Employees Employed in Violation,amusement,1612
2021-01-01,Employees Receiving Back Wages,amusement,1063
2021-01-01,Back Wages,amusement,1208258.6
2021-01-01,Civil Money Penalties Assessed,amusement,506868.28
2020-01-01,Compliance Actions,amusement,230
2020-01-01,Employees Employed in Violation,amusement,1970
2020-01-01,Employees Receiving Back Wages,amusement,1431
2020-01-01,Back Wages,amusement,729848.78
2020-01-01,Civil Money Penalties Assessed,amusement,415087.76
2019-01-01,Compliance Actions,amusement,214
2019-01-01,Employees Employed in Violation,amusement,18126
2019-01-01,Employees Receiving Back Wages,amusement,17531
2019-01-01,Back Wages,amusement,1421508.78
2019-01-01,Civil Money Penalties Assessed,amusement,691614.55
2018-01-01,Compliance Actions,amusement,261
2018-01-01,Employees Employed in Violation,amusement,2368
2018-01-01,Employees Receiving Back Wages,amusement,1823
2018-01-01,Back Wages,amusement,1057295.43
2018-01-01,Civil Money Penalties Assessed,amusement,155469.4
2017-01-01,Compliance Actions,amusement,214
2017-01-01,Employees Employed in Violation,amusement,2241
2017-01-01,Employees Receiving Back Wages,amusement,2038
2017-01-01,Back Wages,amusement,924267.22
2017-01-01,Civil Money Penalties Assessed,amusement,113501.37
2016-01-01,Compliance Actions,amusement,206
2016-01-01,Employees Employed in Violation,amusement,1332
2016-01-01,Employees Receiving Back Wages,amusement,967
2016-01-01,Back Wages,amusement,602061.16
2016-01-01,Civil Money Penalties Assessed,amusement,254355.5
2015-01-01,Compliance Actions,amusement,278
2015-01-01,Employees Employed in Violation,amusement,3758
2015-01-01,Employees Receiving Back Wages,amusement,3286
2015-01-01,Back Wages,amusement,1319407.64
2015-01-01,Civil Money Penalties Assessed,amusement,124472.5
2014-01-01,Compliance Actions,amusement,373
2014-01-01,Employees Employed in Violation,amusement,2717
2014-01-01,Employees Receiving Back Wages,amusement,2378
2014-01-01,Back Wages,amusement,1313545.96
2014-01-01,Civil Money Penalties Assessed,amusement,214132.95
2013-01-01,Compliance Actions,amusement,342
2013-01-01,Employees Employed in Violation,amusement,2431
2013-01-01,Employees Receiving Back Wages,amusement,2260
2013-01-01,Back Wages,amusement,1784903.51
2013-01-01,Civil Money Penalties Assessed,amusement,83088
2023-01-01,Compliance Actions,construction,2134
2023-01-01,Employees Employed in Violation,construction,21811
2023-01-01,Employees Receiving Back Wages,construction,17944
2023-01-01,Back Wages,construction,35558597.63
2023-01-01,Civil Money Penalties Assessed,construction,1784916.11
2022-01-01,Compliance Actions,construction,2268
2022-01-01,Employees Employed in Violation,construction,19813
2022-01-01,Employees Receiving Back Wages,construction,17127
2022-01-01,Back Wages,construction,32913795.29
2022-01-01,Civil Money Penalties Assessed,construction,2150996.41
2021-01-01,Compliance Actions,construction,3034
2021-01-01,Employees Employed in Violation,construction,24283
2021-01-01,Employees Receiving Back Wages,construction,21341
2021-01-01,Back Wages,construction,36068079.68
2021-01-01,Civil Money Penalties Assessed,construction,2430278.52
2020-01-01,Compliance Actions,construction,2991
2020-01-01,Employees Employed in Violation,construction,30688
2020-01-01,Employees Receiving Back Wages,construction,24787
2020-01-01,Back Wages,construction,34535714.56
2020-01-01,Civil Money Penalties Assessed,construction,1025370.98
2019-01-01,Compliance Actions,construction,3063
2019-01-01,Employees Employed in Violation,construction,41350
2019-01-01,Employees Receiving Back Wages,construction,38218
2019-01-01,Back Wages,construction,48314281.21
2019-01-01,Civil Money Penalties Assessed,construction,1534306.59
2018-01-01,Compliance Actions,construction,3018
2018-01-01,Employees Employed in Violation,construction,31262
2018-01-01,Employees Receiving Back Wages,construction,25679
2018-01-01,Back Wages,construction,38829434.64
2018-01-01,Civil Money Penalties Assessed,construction,1264662.54
2017-01-01,Compliance Actions,construction,2959
2017-01-01,Employees Employed in Violation,construction,29137
2017-01-01,Employees Receiving Back Wages,construction,26514
2017-01-01,Back Wages,construction,49347769.97
2017-01-01,Civil Money Penalties Assessed,construction,940917.05
2016-01-01,Compliance Actions,construction,3120
2016-01-01,Employees Employed in Violation,construction,31333
2016-01-01,Employees Receiving Back Wages,construction,26866
2016-01-01,Back Wages,construction,41717848.93
2016-01-01,Civil Money Penalties Assessed,construction,1030774.41
2015-01-01,Compliance Actions,construction,3105
2015-01-01,Employees Employed in Violation,construction,31372
2015-01-01,Employees Receiving Back Wages,construction,27858
2015-01-01,Back Wages,construction,42307735.45
2015-01-01,Civil Money Penalties Assessed,construction,799221.12
2014-01-01,Compliance Actions,construction,3244
2014-01-01,Employees Employed in Violation,construction,28588
2014-01-01,Employees Receiving Back Wages,construction,26101
2014-01-01,Back Wages,construction,45189776.53
2014-01-01,Civil Money Penalties Assessed,construction,473566.93
2013-01-01,Compliance Actions,construction,3708
2013-01-01,Employees Employed in Violation,construction,27345
2013-01-01,Employees Receiving Back Wages,construction,25056
2013-01-01,Back Wages,construction,44691540.63
2013-01-01,Civil Money Penalties Assessed,construction,678526.8
2023-01-01,Compliance Actions,food services,4095
2023-01-01,Employees Employed in Violation,food services,32071
2023-01-01,Employees Receiving Back Wages,food services,25908
2023-01-01,Back Wages,food services,29648591.6700001
2023-01-01,Civil Money Penalties Assessed,food services,6121333.6
2022-01-01,Compliance Actions,food services,3840
2022-01-01,Employees Employed in Violation,food services,26855
2022-01-01,Employees Receiving Back Wages,food services,22531
2022-01-01,Back Wages,food services,27142447.05
2022-01-01,Civil Money Penalties Assessed,food services,4034271.88
2021-01-01,Compliance Actions,food services,4237
2021-01-01,Employees Employed in Violation,food services,34359
2021-01-01,Employees Receiving Back Wages,food services,29209
2021-01-01,Back Wages,food services,34741032.19
2021-01-01,Civil Money Penalties Assessed,food services,3175536.83
2020-01-01,Compliance Actions,food services,4551
2020-01-01,Employees Employed in Violation,food services,44989
2020-01-01,Employees Receiving Back Wages,food services,39404
2020-01-01,Back Wages,food services,38616789.78
2020-01-01,Civil Money Penalties Assessed,food services,3207421.31
2019-01-01,Compliance Actions,food services,5417
2019-01-01,Employees Employed in Violation,food services,49776
2019-01-01,Employees Receiving Back Wages,food services,41863
2019-01-01,Back Wages,food services,36039626.13
2019-01-01,Civil Money Penalties Assessed,food services,3482527.11
2018-01-01,Compliance Actions,food services,5751
2018-01-01,Employees Employed in Violation,food services,47686
2018-01-01,Employees Receiving Back Wages,food services,41103
2018-01-01,Back Wages,food services,42873337.24
2018-01-01,Civil Money Penalties Assessed,food services,3085273.37
2017-01-01,Compliance Actions,food services,5446
2017-01-01,Employees Employed in Violation,food services,50307
2017-01-01,Employees Receiving Back Wages,food services,44363
2017-01-01,Back Wages,food services,42936551.75
2017-01-01,Civil Money Penalties Assessed,food services,2202306.53
2016-01-01,Compliance Actions,food services,4975
2016-01-01,Employees Employed in Violation,food services,50487
2016-01-01,Employees Receiving Back Wages,food services,44707
2016-01-01,Back Wages,food services,39754568.9
2016-01-01,Civil Money Penalties Assessed,food services,2261605.57
2015-01-01,Compliance Actions,food services,4787
2015-01-01,Employees Employed in Violation,food services,53509
2015-01-01,Employees Receiving Back Wages,food services,46960
2015-01-01,Back Wages,food services,38134410.5
2015-01-01,Civil Money Penalties Assessed,food services,1623667.04
2014-01-01,Compliance Actions,food services,5117
2014-01-01,Employees Employed in Violation,food services,51454
2014-01-01,Employees Receiving Back Wages,food services,44148
2014-01-01,Back Wages,food services,34445624.8
2014-01-01,Civil Money Penalties Assessed,food services,1518542.49
2013-01-01,Compliance Actions,food services,6058
2013-01-01,Employees Employed in Violation,food services,53808
2013-01-01,Employees Receiving Back Wages,food services,48327
2013-01-01,Back Wages,food services,34933663.12
2013-01-01,Civil Money Penalties Assessed,food services,1577955.14
2023-01-01,Compliance Actions,hotels and motels,544
2023-01-01,Employees Employed in Violation,hotels and motels,4124
2023-01-01,Employees Receiving Back Wages,hotels and motels,3256
2023-01-01,Back Wages,hotels and motels,2494920.56
2023-01-01,Civil Money Penalties Assessed,hotels and motels,797097.42
2022-01-01,Compliance Actions,hotels and motels,595
2022-01-01,Employees Employed in Violation,hotels and motels,3242
2022-01-01,Employees Receiving Back Wages,hotels and motels,3018
2022-01-01,Back Wages,hotels and motels,4636891.07
2022-01-01,Civil Money Penalties Assessed,hotels and motels,474953.72
2021-01-01,Compliance Actions,hotels and motels,602
2021-01-01,Employees Employed in Violation,hotels and motels,3402
2021-01-01,Employees Receiving Back Wages,hotels and motels,3099
2021-01-01,Back Wages,hotels and motels,2445609.01
2021-01-01,Civil Money Penalties Assessed,hotels and motels,694542.83
2020-01-01,Compliance Actions,hotels and motels,645
2020-01-01,Employees Employed in Violation,hotels and motels,4095
2020-01-01,Employees Receiving Back Wages,hotels and motels,3784
2020-01-01,Back Wages,hotels and motels,2464165.22
2020-01-01,Civil Money Penalties Assessed,hotels and motels,697889.16
2019-01-01,Compliance Actions,hotels and motels,971
2019-01-01,Employees Employed in Violation,hotels and motels,7875
2019-01-01,Employees Receiving Back Wages,hotels and motels,6400
2019-01-01,Back Wages,hotels and motels,3677439.42
2019-01-01,Civil Money Penalties Assessed,hotels and motels,891022.01
2018-01-01,Compliance Actions,hotels and motels,1296
2018-01-01,Employees Employed in Violation,hotels and motels,25388
2018-01-01,Employees Receiving Back Wages,hotels and motels,24432
2018-01-01,Back Wages,hotels and motels,9346636.4
2018-01-01,Civil Money Penalties Assessed,hotels and motels,589678.7
2017-01-01,Compliance Actions,hotels and motels,1605
2017-01-01,Employees Employed in Violation,hotels and motels,8998
2017-01-01,Employees Receiving Back Wages,hotels and motels,8302
2017-01-01,Back Wages,hotels and motels,5450509.71
2017-01-01,Civil Money Penalties Assessed,hotels and motels,553825.53
2016-01-01,Compliance Actions,hotels and motels,1129
2016-01-01,Employees Employed in Violation,hotels and motels,6594
2016-01-01,Employees Receiving Back Wages,hotels and motels,6222
2016-01-01,Back Wages,hotels and motels,3947846.71
2016-01-01,Civil Money Penalties Assessed,hotels and motels,355501.01
2015-01-01,Compliance Actions,hotels and motels,980
2015-01-01,Employees Employed in Violation,hotels and motels,7060
2015-01-01,Employees Receiving Back Wages,hotels and motels,6634
2015-01-01,Back Wages,hotels and motels,3594912.97
2015-01-01,Civil Money Penalties Assessed,hotels and motels,317856.75
2014-01-01,Compliance Actions,hotels and motels,1048
2014-01-01,Employees Employed in Violation,hotels and motels,9036
2014-01-01,Employees Receiving Back Wages,hotels and motels,7417
2014-01-01,Back Wages,hotels and motels,4039113.33
2014-01-01,Civil Money Penalties Assessed,hotels and motels,324329.4
2013-01-01,Compliance Actions,hotels and motels,1245
2013-01-01,Employees Employed in Violation,hotels and motels,8717
2013-01-01,Employees Receiving Back Wages,hotels and motels,8115
2013-01-01,Back Wages,hotels and motels,4524391.41
2013-01-01,Civil Money Penalties Assessed,hotels and motels,339590.5
2023-01-01,Compliance Actions,janitorial services,408
2023-01-01,Employees Employed in Violation,janitorial services,5420
2023-01-01,Employees Receiving Back Wages,janitorial services,5066
2023-01-01,Back Wages,janitorial services,3755639.6
2023-01-01,Civil Money Penalties Assessed,janitorial services,1620031.9
2022-01-01,Compliance Actions,janitorial services,339
2022-01-01,Employees Employed in Violation,janitorial services,1391
2022-01-01,Employees Receiving Back Wages,janitorial services,1295
2022-01-01,Back Wages,janitorial services,3397300.35
2022-01-01,Civil Money Penalties Assessed,janitorial services,285350.37
2021-01-01,Compliance Actions,janitorial services,456
2021-01-01,Employees Employed in Violation,janitorial services,3080
2021-01-01,Employees Receiving Back Wages,janitorial services,2861
2021-01-01,Back Wages,janitorial services,2426106.29
2021-01-01,Civil Money Penalties Assessed,janitorial services,119085
2020-01-01,Compliance Actions,janitorial services,460
2020-01-01,Employees Employed in Violation,janitorial services,3582
2020-01-01,Employees Receiving Back Wages,janitorial services,3247
2020-01-01,Back Wages,janitorial services,3544663.46
2020-01-01,Civil Money Penalties Assessed,janitorial services,161159.25
2019-01-01,Compliance Actions,janitorial services,472
2019-01-01,Employees Employed in Violation,janitorial services,5475
2019-01-01,Employees Receiving Back Wages,janitorial services,5178
2019-01-01,Back Wages,janitorial services,7351515.48
2019-01-01,Civil Money Penalties Assessed,janitorial services,76778.1
2018-01-01,Compliance Actions,janitorial services,520
2018-01-01,Employees Employed in Violation,janitorial services,8162
2018-01-01,Employees Receiving Back Wages,janitorial services,6663
2018-01-01,Back Wages,janitorial services,5641983.04
2018-01-01,Civil Money Penalties Assessed,janitorial services,174548.05
2017-01-01,Compliance Actions,janitorial services,468
2017-01-01,Employees Employed in Violation,janitorial services,3457
2017-01-01,Employees Receiving Back Wages,janitorial services,2775
2017-01-01,Back Wages,janitorial services,2897736.93
2017-01-01,Civil Money Penalties Assessed,janitorial services,363462
2016-01-01,Compliance Actions,janitorial services,523
2016-01-01,Employees Employed in Violation,janitorial services,6125
2016-01-01,Employees Receiving Back Wages,janitorial services,5636
2016-01-01,Back Wages,janitorial services,3670600.41
2016-01-01,Civil Money Penalties Assessed,janitorial services,489658.3
2015-01-01,Compliance Actions,janitorial services,563
2015-01-01,Employees Employed in Violation,janitorial services,4627
2015-01-01,Employees Receiving Back Wages,janitorial services,4123
2015-01-01,Back Wages,janitorial services,3520318.7
2015-01-01,Civil Money Penalties Assessed,janitorial services,72712.5
2014-01-01,Compliance Actions,janitorial services,523
2014-01-01,Employees Employed in Violation,janitorial services,5181
2014-01-01,Employees Receiving Back Wages,janitorial services,4425
2014-01-01,Back Wages,janitorial services,3902434.44
2014-01-01,Civil Money Penalties Assessed,janitorial services,75420.5
2013-01-01,Compliance Actions,janitorial services,698
2013-01-01,Employees Employed in Violation,janitorial services,6029
2013-01-01,Employees Receiving Back Wages,janitorial services,5466
2013-01-01,Back Wages,janitorial services,4012576.77
2013-01-01,Civil Money Penalties Assessed,janitorial services,40772
2023-01-01,Compliance Actions,landscaping services,207
2023-01-01,Employees Employed in Violation,landscaping services,2129
2023-01-01,Employees Receiving Back Wages,landscaping services,1894
2023-01-01,Back Wages,landscaping services,3063867.39
2023-01-01,Civil Money Penalties Assessed,landscaping services,840387.58
2022-01-01,Compliance Actions,landscaping services,252
2022-01-01,Employees Employed in Violation,landscaping services,2035
2022-01-01,Employees Receiving Back Wages,landscaping services,1947
2022-01-01,Back Wages,landscaping services,2670300.26
2022-01-01,Civil Money Penalties Assessed,landscaping services,810145.53
2021-01-01,Compliance Actions,landscaping services,293
2021-01-01,Employees Employed in Violation,landscaping services,5585
2021-01-01,Employees Receiving Back Wages,landscaping services,5317
2021-01-01,Back Wages,landscaping services,3218092.81
2021-01-01,Civil Money Penalties Assessed,landscaping services,1144818.4
2020-01-01,Compliance Actions,landscaping services,238
2020-01-01,Employees Employed in Violation,landscaping services,2147
2020-01-01,Employees Receiving Back Wages,landscaping services,1937
2020-01-01,Back Wages,landscaping services,2414277.04
2020-01-01,Civil Money Penalties Assessed,landscaping services,855884.83
2019-01-01,Compliance Actions,landscaping services,274
2019-01-01,Employees Employed in Violation,landscaping services,3219
2019-01-01,Employees Receiving Back Wages,landscaping services,3041
2019-01-01,Back Wages,landscaping services,4236368.47
2019-01-01,Civil Money Penalties Assessed,landscaping services,752115.01
2018-01-01,Compliance Actions,landscaping services,292
2018-01-01,Employees Employed in Violation,landscaping services,3373
2018-01-01,Employees Receiving Back Wages,landscaping services,3053
2018-01-01,Back Wages,landscaping services,3465224.6
2018-01-01,Civil Money Penalties Assessed,landscaping services,271517.09
2017-01-01,Compliance Actions,landscaping services,273
2017-01-01,Employees Employed in Violation,landscaping services,2986
2017-01-01,Employees Receiving Back Wages,landscaping services,2384
2017-01-01,Back Wages,landscaping services,2876963.55
2017-01-01,Civil Money Penalties Assessed,landscaping services,132695.17
2016-01-01,Compliance Actions,landscaping services,294
2016-01-01,Employees Employed in Violation,landscaping services,3725
2016-01-01,Employees Receiving Back Wages,landscaping services,3058
2016-01-01,Back Wages,landscaping services,3051188.5
2016-01-01,Civil Money Penalties Assessed,landscaping services,234811.05
2015-01-01,Compliance Actions,landscaping services,257
2015-01-01,Employees Employed in Violation,landscaping services,3196
2015-01-01,Employees Receiving Back Wages,landscaping services,2930
2015-01-01,Back Wages,landscaping services,2182134.41
2015-01-01,Civil Money Penalties Assessed,landscaping services,162386.27
2014-01-01,Compliance Actions,landscaping services,322
2014-01-01,Employees Employed in Violation,landscaping services,3210
2014-01-01,Employees Receiving Back Wages,landscaping services,2743
2014-01-01,Back Wages,landscaping services,3708710.95
2014-01-01,Civil Money Penalties Assessed,landscaping services,196246.66
2013-01-01,Compliance Actions,landscaping services,410
2013-01-01,Employees Employed in Violation,landscaping services,4196
2013-01-01,Employees Receiving Back Wages,landscaping services,3814
2013-01-01,Back Wages,landscaping services,3513960.92
2013-01-01,Civil Money Penalties Assessed,landscaping services,278999.06
2023-01-01,Back Wages per Employee,forestry,1901.2027423469387
2022-01-01,Back Wages per Employee,forestry,1047.4379104477612
2021-01-01,Back Wages per Employee,forestry,929.9676595744681
2020-01-01,Back Wages per Employee,forestry,677.3239491525424
2019-01-01,Back Wages per Employee,forestry,1187.8479487179486
2018-01-01,Back Wages per Employee,forestry,756.8774594594594
2017-01-01,Back Wages per Employee,forestry,1410.878936605317
2016-01-01,Back Wages per Employee,forestry,2267.65466367713
2015-01-01,Back Wages per Employee,forestry,857.0302719033233
2014-01-01,Back Wages per Employee,forestry,934.4708483754512
2013-01-01,Back Wages per Employee,forestry,2108.55593220339
2023-01-01,Back Wages per Employee,amusement,466.38387434554977
2022-01-01,Back Wages per Employee,amusement,632.9377443609022
2021-01-01,Back Wages per Employee,amusement,1136.6496707431797
2020-01-01,Back Wages per Employee,amusement,510.0270999301188
2019-01-01,Back Wages per Employee,amusement,81.08543608465006
2018-01-01,Back Wages per Employee,amusement,579.9755512890839
2017-01-01,Back Wages per Employee,amusement,453.51679097154073
2016-01-01,Back Wages per Employee,amusement,622.6071975180972
2015-01-01,Back Wages per Employee,amusement,401.52393183201457
2014-01-01,Back Wages per Employee,amusement,552.3742472666106
2013-01-01,Back Wages per Employee,amusement,789.7803141592921
2023-01-01,Back Wages per Employee,construction,1981.642756910388
2022-01-01,Back Wages per Employee,construction,1921.749009750686
2021-01-01,Back Wages per Employee,construction,1690.0838611124127
2020-01-01,Back Wages per Employee,construction,1393.2994940896438
2019-01-01,Back Wages per Employee,construction,1264.1760743628656
2018-01-01,Back Wages per Employee,construction,1512.10851824448
2017-01-01,Back Wages per Employee,construction,1861.1967251263484
2016-01-01,Back Wages per Employee,construction,1552.8120646914315
2015-01-01,Back Wages per Employee,construction,1518.6924922822889
2014-01-01,Back Wages per Employee,construction,1731.3427274817057
2013-01-01,Back Wages per Employee,construction,1783.666212883142
2023-01-01,Back Wages per Employee,food services,1144.3797927281187
2022-01-01,Back Wages per Employee,food services,1204.671210776264
2021-01-01,Back Wages per Employee,food services,1189.3947820877127
2020-01-01,Back Wages per Employee,food services,980.0220733935641
2019-01-01,Back Wages per Employee,food services,860.8944922724124
2018-01-01,Back Wages per Employee,food services,1043.07075493273
2017-01-01,Back Wages per Employee,food services,967.8459921556251
2016-01-01,Back Wages per Employee,food services,889.22470530342
2015-01-01,Back Wages per Employee,food services,812.0615523850086
2014-01-01,Back Wages per Employee,food services,780.2306967473045
2013-01-01,Back Wages per Employee,food services,722.860163469696
2023-01-01,Back Wages per Employee,hotels and motels,766.2532432432432
2022-01-01,Back Wages per Employee,hotels and motels,1536.4118853545394
2021-01-01,Back Wages per Employee,hotels and motels,789.1607002258793
2020-01-01,Back Wages per Employee,hotels and motels,651.2064534883722
2019-01-01,Back Wages per Employee,hotels and motels,574.599909375
2018-01-01,Back Wages per Employee,hotels and motels,382.557154551408
2017-01-01,Back Wages per Employee,hotels and motels,656.5297169356782
2016-01-01,Back Wages per Employee,hotels and motels,634.4980247508839
2015-01-01,Back Wages per Employee,hotels and motels,541.892217365089
2014-01-01,Back Wages per Employee,hotels and motels,544.5750748280976
2013-01-01,Back Wages per Employee,hotels and motels,557.5343696857672
2023-01-01,Back Wages per Employee,janitorial services,741.3422029214371
2022-01-01,Back Wages per Employee,janitorial services,2623.3979536679535
2021-01-01,Back Wages per Employee,janitorial services,847.9924117441454
2020-01-01,Back Wages per Employee,janitorial services,1091.6733785032338
2019-01-01,Back Wages per Employee,janitorial services,1419.7596523754346
2018-01-01,Back Wages per Employee,janitorial services,846.7631757466606
2017-01-01,Back Wages per Employee,janitorial services,1044.2295243243243
2016-01-01,Back Wages per Employee,janitorial services,651.2775745209368
2015-01-01,Back Wages per Employee,janitorial services,853.8245694882368
2014-01-01,Back Wages per Employee,janitorial services,881.9060881355932
2013-01-01,Back Wages per Employee,janitorial services,734.0974698133919
2023-01-01,Back Wages per Employee,landscaping services,1617.670216473073
2022-01-01,Back Wages per Employee,landscaping services,1371.4947406266049
2021-01-01,Back Wages per Employee,landscaping services,605.245967650931
2020-01-01,Back Wages per Employee,landscaping services,1246.4001239029428
2019-01-01,Back Wages per Employee,landscaping services,1393.0840085498191
2018-01-01,Back Wages per Employee,landscaping services,1135.022797248608
2017-01-01,Back Wages per Employee,landscaping services,1206.7800125838926
2016-01-01,Back Wages per Employee,landscaping services,997.7725637671681
2015-01-01,Back Wages per Employee,landscaping services,744.7557713310581
2014-01-01,Back Wages per Employee,landscaping services,1352.063780532264
2013-01-01,Back Wages per Employee,landscaping services,921.3321761929733
2023-01-01,Compliance Actions,agriculture,831
2023-01-01,Back Wages,agriculture,6892220.26
2023-01-01,Employees Receiving Back Wages,agriculture,7341
2023-01-01,CMPs Assessed,agriculture,6615582.379999999
2022-01-01,Compliance Actions,agriculture,879
2022-01-01,Back Wages,agriculture,5815943.39
2022-01-01,Employees Receiving Back Wages,agriculture,8260
2022-01-01,CMPs Assessed,agriculture,7983598.46
2021-01-01,Compliance Actions,agriculture,1000
2021-01-01,Back Wages,agriculture,8432450.94
2021-01-01,Employees Receiving Back Wages,agriculture,10379
2021-01-01,CMPs Assessed,agriculture,7302891.64
2020-01-01,Compliance Actions,agriculture,1038
2020-01-01,Back Wages,agriculture,7173091.3
2020-01-01,Employees Receiving Back Wages,agriculture,11176
2020-01-01,CMPs Assessed,agriculture,6412046.16
2019-01-01,Compliance Actions,agriculture,1125
2019-01-01,Back Wages,agriculture,6060914.16
2019-01-01,Employees Receiving Back Wages,agriculture,8972
2019-01-01,CMPs Assessed,agriculture,6329647.54999999
2018-01-01,Compliance Actions,agriculture,1076
2018-01-01,Back Wages,agriculture,4208089.79
2018-01-01,Employees Receiving Back Wages,agriculture,9015
2018-01-01,CMPs Assessed,agriculture,6545200.29
2017-01-01,Compliance Actions,agriculture,1307
2017-01-01,Back Wages,agriculture,5047521.42
2017-01-01,Employees Receiving Back Wages,agriculture,7304
2017-01-01,CMPs Assessed,agriculture,4340735.57
2016-01-01,Compliance Actions,agriculture,1275
2016-01-01,Back Wages,agriculture,4844840.99
2016-01-01,Employees Receiving Back Wages,agriculture,10549
2016-01-01,CMPs Assessed,agriculture,3537889.23
2015-01-01,Compliance Actions,agriculture,1361
2015-01-01,Back Wages,agriculture,4316681.19
2015-01-01,Employees Receiving Back Wages,agriculture,10025
2015-01-01,CMPs Assessed,agriculture,5062647.15
2014-01-01,Compliance Actions,agriculture,1430
2014-01-01,Back Wages,agriculture,4502976.28
2014-01-01,Employees Receiving Back Wages,agriculture,12031
2014-01-01,CMPs Assessed,agriculture,3094341.38
2013-01-01,Compliance Actions,agriculture,1673
2013-01-01,Back Wages,agriculture,7642500.7
2013-01-01,Employees Receiving Back Wages,agriculture,11799
2013-01-01,CMPs Assessed,agriculture,7274009.8
2023-01-01,Compliance Actions,amusement,173
2023-01-01,Back Wages,amusement,267237.96
2023-01-01,Employees Receiving Back Wages,amusement,573
2023-01-01,CMPs Assessed,amusement,766339.6100000001
2022-01-01,Compliance Actions,amusement,182
2022-01-01,Back Wages,amusement,420903.6
2022-01-01,Employees Receiving Back Wages,amusement,665
2022-01-01,CMPs Assessed,amusement,331938.03
2021-01-01,Compliance Actions,amusement,287
2021-01-01,Back Wages,amusement,1208258.6
2021-01-01,Employees Receiving Back Wages,amusement,1063
2021-01-01,CMPs Assessed,amusement,506868.28
2020-01-01,Compliance Actions,amusement,233
2020-01-01,Back Wages,amusement,730080.78
2020-01-01,Employees Receiving Back Wages,amusement,1432
2020-01-01,CMPs Assessed,amusement,415087.76
2019-01-01,Compliance Actions,amusement,214
2019-01-01,Back Wages,amusement,1421508.78
2019-01-01,Employees Receiving Back Wages,amusement,17531
2019-01-01,CMPs Assessed,amusement,691614.55
2018-01-01,Compliance Actions,amusement,261
2018-01-01,Back Wages,amusement,1057295.43
2018-01-01,Employees Receiving Back Wages,amusement,1823
2018-01-01,CMPs Assessed,amusement,155469.4
2017-01-01,Compliance Actions,amusement,214
2017-01-01,Back Wages,amusement,924267.22
2017-01-01,Employees Receiving Back Wages,amusement,2038
2017-01-01,CMPs Assessed,amusement,113501.37
2016-01-01,Compliance Actions,amusement,206
2016-01-01,Back Wages,amusement,602061.16
2016-01-01,Employees Receiving Back Wages,amusement,967
2016-01-01,CMPs Assessed,amusement,254355.5
2015-01-01,Compliance Actions,amusement,278
2015-01-01,Back Wages,amusement,1319407.64
2015-01-01,Employees Receiving Back Wages,amusement,3286
2015-01-01,CMPs Assessed,amusement,124472.5
2014-01-01,Compliance Actions,amusement,373
2014-01-01,Back Wages,amusement,1313545.96
2014-01-01,Employees Receiving Back Wages,amusement,2378
2014-01-01,CMPs Assessed,amusement,214132.95
2013-01-01,Compliance Actions,amusement,342
2013-01-01,Back Wages,amusement,1784903.51
2013-01-01,Employees Receiving Back Wages,amusement,2260
2013-01-01,CMPs Assessed,amusement,83088
2023-01-01,Compliance Actions,animal processing,38
2023-01-01,Back Wages,animal processing,887866.14
2023-01-01,Employees Receiving Back Wages,animal processing,759
2023-01-01,CMPs Assessed,animal processing,13298
2022-01-01,Compliance Actions,animal processing,45
2022-01-01,Back Wages,animal processing,621436.44
2022-01-01,Employees Receiving Back Wages,animal processing,846
2022-01-01,CMPs Assessed,animal processing,39750.38
2021-01-01,Compliance Actions,animal processing,51
2021-01-01,Back Wages,animal processing,439673.92
2021-01-01,Employees Receiving Back Wages,animal processing,527
2021-01-01,CMPs Assessed,animal processing,64467
2020-01-01,Compliance Actions,animal processing,56
2020-01-01,Back Wages,animal processing,833536.79
2020-01-01,Employees Receiving Back Wages,animal processing,1550
2020-01-01,CMPs Assessed,animal processing,82359.82
2019-01-01,Compliance Actions,animal processing,50
2019-01-01,Back Wages,animal processing,1142031.16
2019-01-01,Employees Receiving Back Wages,animal processing,747
2019-01-01,CMPs Assessed,animal processing,205432.38
2018-01-01,Compliance Actions,animal processing,59
2018-01-01,Back Wages,animal processing,589638.71
2018-01-01,Employees Receiving Back Wages,animal processing,998
2018-01-01,CMPs Assessed,animal processing,112034.6
2017-01-01,Compliance Actions,animal processing,52
2017-01-01,Back Wages,animal processing,444973
2017-01-01,Employees Receiving Back Wages,animal processing,1109
2017-01-01,CMPs Assessed,animal processing,42943
2016-01-01,Compliance Actions,animal processing,55
2016-01-01,Back Wages,animal processing,497280.14
2016-01-01,Employees Receiving Back Wages,animal processing,821
2016-01-01,CMPs Assessed,animal processing,24600
2015-01-01,Compliance Actions,animal processing,53
2015-01-01,Back Wages,animal processing,340801.91
2015-01-01,Employees Receiving Back Wages,animal processing,740
2015-01-01,CMPs Assessed,animal processing,4000
2014-01-01,Compliance Actions,animal processing,41
2014-01-01,Back Wages,animal processing,690176.76
2014-01-01,Employees Receiving Back Wages,animal processing,851
2014-01-01,CMPs Assessed,animal processing,330733.68
2013-01-01,Compliance Actions,animal processing,48
2013-01-01,Back Wages,animal processing,828806.56
2013-01-01,Employees Receiving Back Wages,animal processing,1019
2013-01-01,CMPs Assessed,animal processing,103981.74
2023-01-01,Compliance Actions,apparel manufacturing,53
2023-01-01,Back Wages,apparel manufacturing,594618.07
2023-01-01,Employees Receiving Back Wages,apparel manufacturing,178
2023-01-01,CMPs Assessed,apparel manufacturing,24563
2022-01-01,Compliance Actions,apparel manufacturing,114
2022-01-01,Back Wages,apparel manufacturing,989237.05
2022-01-01,Employees Receiving Back Wages,apparel manufacturing,359
2022-01-01,CMPs Assessed,apparel manufacturing,39830
2021-01-01,Compliance Actions,apparel manufacturing,76
2021-01-01,Back Wages,apparel manufacturing,1305533.86
2021-01-01,Employees Receiving Back Wages,apparel manufacturing,588
2021-01-01,CMPs Assessed,apparel manufacturing,0
2020-01-01,Compliance Actions,apparel manufacturing,128
2020-01-01,Back Wages,apparel manufacturing,1690750
2020-01-01,Employees Receiving Back Wages,apparel manufacturing,829
2020-01-01,CMPs Assessed,apparel manufacturing,36165.8
2019-01-01,Compliance Actions,apparel manufacturing,166
2019-01-01,Back Wages,apparel manufacturing,2150438.27
2019-01-01,Employees Receiving Back Wages,apparel manufacturing,1160
2019-01-01,CMPs Assessed,apparel manufacturing,107456.18
2018-01-01,Compliance Actions,apparel manufacturing,168
2018-01-01,Back Wages,apparel manufacturing,1453942.54
2018-01-01,Employees Receiving Back Wages,apparel manufacturing,820
2018-01-01,CMPs Assessed,apparel manufacturing,1209.6
2017-01-01,Compliance Actions,apparel manufacturing,182
2017-01-01,Back Wages,apparel manufacturing,2817348.56
2017-01-01,Employees Receiving Back Wages,apparel manufacturing,2356
2017-01-01,CMPs Assessed,apparel manufacturing,85146.5
2016-01-01,Compliance Actions,apparel manufacturing,276
2016-01-01,Back Wages,apparel manufacturing,3883134.97
2016-01-01,Employees Receiving Back Wages,apparel manufacturing,2566
2016-01-01,CMPs Assessed,apparel manufacturing,332818.84
2015-01-01,Compliance Actions,apparel manufacturing,200
2015-01-01,Back Wages,apparel manufacturing,1594927.75
2015-01-01,Employees Receiving Back Wages,apparel manufacturing,1275
2015-01-01,CMPs Assessed,apparel manufacturing,241905.5
2014-01-01,Compliance Actions,apparel manufacturing,240
2014-01-01,Back Wages,apparel manufacturing,3095832.13
2014-01-01,Employees Receiving Back Wages,apparel manufacturing,1673
2014-01-01,CMPs Assessed,apparel manufacturing,104370
2013-01-01,Compliance Actions,apparel manufacturing,336
2013-01-01,Back Wages,apparel manufacturing,3597939.88
2013-01-01,Employees Receiving Back Wages,apparel manufacturing,2539
2013-01-01,CMPs Assessed,apparel manufacturing,560196.5
2023-01-01,Compliance Actions,auto repair,250
2023-01-01,Back Wages,auto repair,1777967.16
2023-01-01,Employees Receiving Back Wages,auto repair,1202
2023-01-01,CMPs Assessed,auto repair,54609
2022-01-01,Compliance Actions,auto repair,308
2022-01-01,Back Wages,auto repair,1334621.65
2022-01-01,Employees Receiving Back Wages,auto repair,1249
2022-01-01,CMPs Assessed,auto repair,47043
2021-01-01,Compliance Actions,auto repair,546
2021-01-01,Back Wages,auto repair,4350665.46
2021-01-01,Employees Receiving Back Wages,auto repair,3564
2021-01-01,CMPs Assessed,auto repair,475219.79
2020-01-01,Compliance Actions,auto repair,450
2020-01-01,Back Wages,auto repair,2914022.42
2020-01-01,Employees Receiving Back Wages,auto repair,2472
2020-01-01,CMPs Assessed,auto repair,115487.72
2019-01-01,Compliance Actions,auto repair,397
2019-01-01,Back Wages,auto repair,2691700.82
2019-01-01,Employees Receiving Back Wages,auto repair,3128
2019-01-01,CMPs Assessed,auto repair,92983.31
2018-01-01,Compliance Actions,auto repair,359
2018-01-01,Back Wages,auto repair,2490088.63
2018-01-01,Employees Receiving Back Wages,auto repair,2421
2018-01-01,CMPs Assessed,auto repair,87103.75
2017-01-01,Compliance Actions,auto repair,421
2017-01-01,Back Wages,auto repair,3986360.42
2017-01-01,Employees Receiving Back Wages,auto repair,2912
2017-01-01,CMPs Assessed,auto repair,255198
2016-01-01,Compliance Actions,auto repair,516
2016-01-01,Back Wages,auto repair,4265192.61
2016-01-01,Employees Receiving Back Wages,auto repair,4650
2016-01-01,CMPs Assessed,auto repair,236713.5
2015-01-01,Compliance Actions,auto repair,499
2015-01-01,Back Wages,auto repair,3089061.51
2015-01-01,Employees Receiving Back Wages,auto repair,4867
2015-01-01,CMPs Assessed,auto repair,56847.5
2014-01-01,Compliance Actions,auto repair,452
2014-01-01,Back Wages,auto repair,4614729.18
2014-01-01,Employees Receiving Back Wages,auto repair,5422
2014-01-01,CMPs Assessed,auto repair,226874
2013-01-01,Compliance Actions,auto repair,465
2013-01-01,Back Wages,auto repair,5268483.21
2013-01-01,Employees Receiving Back Wages,auto repair,3560
2013-01-01,CMPs Assessed,auto repair,99181.5
2023-01-01,Compliance Actions,child care services,372
2023-01-01,Back Wages,child care services,618719.19
2023-01-01,Employees Receiving Back Wages,child care services,1411
2023-01-01,CMPs Assessed,child care services,13132.75
2022-01-01,Compliance Actions,child care services,347
2022-01-01,Back Wages,child care services,545157.04
2022-01-01,Employees Receiving Back Wages,child care services,1190
2022-01-01,CMPs Assessed,child care services,20851
2021-01-01,Compliance Actions,child care services,435
2021-01-01,Back Wages,child care services,832769.98
2021-01-01,Employees Receiving Back Wages,child care services,1523
2021-01-01,CMPs Assessed,child care services,202463.88
2020-01-01,Compliance Actions,child care services,449
2020-01-01,Back Wages,child care services,996562.83
2020-01-01,Employees Receiving Back Wages,child care services,2122
2020-01-01,CMPs Assessed,child care services,126916.45
2019-01-01,Compliance Actions,child care services,723
2019-01-01,Back Wages,child care services,1470505.6
2019-01-01,Employees Receiving Back Wages,child care services,3480
2019-01-01,CMPs Assessed,child care services,43697
2018-01-01,Compliance Actions,child care services,836
2018-01-01,Back Wages,child care services,1360958.76
2018-01-01,Employees Receiving Back Wages,child care services,3612
2018-01-01,CMPs Assessed,child care services,39594.4
2017-01-01,Compliance Actions,child care services,836
2017-01-01,Back Wages,child care services,1234587.08
2017-01-01,Employees Receiving Back Wages,child care services,3882
2017-01-01,CMPs Assessed,child care services,59964.85
2016-01-01,Compliance Actions,child care services,812
2016-01-01,Back Wages,child care services,1640979.69
2016-01-01,Employees Receiving Back Wages,child care services,3944
2016-01-01,CMPs Assessed,child care services,30194.25
2015-01-01,Compliance Actions,child care services,852
2015-01-01,Back Wages,child care services,1642923.96
2015-01-01,Employees Receiving Back Wages,child care services,3992
2015-01-01,CMPs Assessed,child care services,63867
2014-01-01,Compliance Actions,child care services,1144
2014-01-01,Back Wages,child care services,1875155.93
2014-01-01,Employees Receiving Back Wages,child care services,5812
2014-01-01,CMPs Assessed,child care services,67138.75
2013-01-01,Compliance Actions,child care services,1125
2013-01-01,Back Wages,child care services,2183958
2013-01-01,Employees Receiving Back Wages,child care services,5640
2013-01-01,CMPs Assessed,child care services,56182.5
2023-01-01,Compliance Actions,construction,2134
2023-01-01,Back Wages,construction,35558597.63
2023-01-01,Employees Receiving Back Wages,construction,17944
2023-01-01,CMPs Assessed,construction,1784916.1099999999
2022-01-01,Compliance Actions,construction,2268
2022-01-01,Back Wages,construction,32913795.29
2022-01-01,Employees Receiving Back Wages,construction,17127
2022-01-01,CMPs Assessed,construction,2150996.41
2021-01-01,Compliance Actions,construction,3034
2021-01-01,Back Wages,construction,36068079.68
2021-01-01,Employees Receiving Back Wages,construction,21341
2021-01-01,CMPs Assessed,construction,2430278.52
2020-01-01,Compliance Actions,construction,3049
2020-01-01,Back Wages,construction,34696579.11
2020-01-01,Employees Receiving Back Wages,construction,24882
2020-01-01,CMPs Assessed,construction,1025370.98
2019-01-01,Compliance Actions,construction,3063
2019-01-01,Back Wages,construction,48314281.21
2019-01-01,Employees Receiving Back Wages,construction,38218
2019-01-01,CMPs Assessed,construction,1534306.59
2018-01-01,Compliance Actions,construction,3018
2018-01-01,Back Wages,construction,38829434.6400001
2018-01-01,Employees Receiving Back Wages,construction,25679
2018-01-01,CMPs Assessed,construction,1264662.54
2017-01-01,Compliance Actions,construction,2959
2017-01-01,Back Wages,construction,49347769.9700001
2017-01-01,Employees Receiving Back Wages,construction,26514
2017-01-01,CMPs Assessed,construction,940917.05
2016-01-01,Compliance Actions,construction,3120
2016-01-01,Back Wages,construction,41717848.93
2016-01-01,Employees Receiving Back Wages,construction,26866
2016-01-01,CMPs Assessed,construction,1030774.41
2015-01-01,Compliance Actions,construction,3106
2015-01-01,Back Wages,construction,42163496.58
2015-01-01,Employees Receiving Back Wages,construction,27850
2015-01-01,CMPs Assessed,construction,799221.12
2014-01-01,Compliance Actions,construction,3244
2014-01-01,Back Wages,construction,45440474.69
2014-01-01,Employees Receiving Back Wages,construction,26157
2014-01-01,CMPs Assessed,construction,473566.93
2013-01-01,Compliance Actions,construction,3709
2013-01-01,Back Wages,construction,44673371.17
2013-01-01,Employees Receiving Back Wages,construction,25045
2013-01-01,CMPs Assessed,construction,667458.05
2023-01-01,Compliance Actions,food services,4095
2023-01-01,Back Wages,food services,29648591.67
2023-01-01,Employees Receiving Back Wages,food services,25908
2023-01-01,CMPs Assessed,food services,6121333.6
2022-01-01,Compliance Actions,food services,3840
2022-01-01,Back Wages,food services,27142447.05
2022-01-01,Employees Receiving Back Wages,food services,22531
2022-01-01,CMPs Assessed,food services,4034271.88
2021-01-01,Compliance Actions,food services,4237
2021-01-01,Back Wages,food services,34741032.19
2021-01-01,Employees Receiving Back Wages,food services,29209
2021-01-01,CMPs Assessed,food services,3175536.83
2020-01-01,Compliance Actions,food services,4647
2020-01-01,Back Wages,food services,38675282.7399999
2020-01-01,Employees Receiving Back Wages,food services,39555
2020-01-01,CMPs Assessed,food services,3207421.31
2019-01-01,Compliance Actions,food services,5417
2019-01-01,Back Wages,food services,36039626.1
2019-01-01,Employees Receiving Back Wages,food services,41863
2019-01-01,CMPs Assessed,food services,3482527.11
2018-01-01,Compliance Actions,food services,5751
2018-01-01,Back Wages,food services,42873337.2400001
2018-01-01,Employees Receiving Back Wages,food services,41103
2018-01-01,CMPs Assessed,food services,3085273.37
2017-01-01,Compliance Actions,food services,5446
2017-01-01,Back Wages,food services,42936551.7500002
2017-01-01,Employees Receiving Back Wages,food services,44363
2017-01-01,CMPs Assessed,food services,2202306.53
2016-01-01,Compliance Actions,food services,4975
2016-01-01,Back Wages,food services,39754568.9000001
2016-01-01,Employees Receiving Back Wages,food services,44707
2016-01-01,CMPs Assessed,food services,2261605.57
2015-01-01,Compliance Actions,food services,4787
2015-01-01,Back Wages,food services,38098094.7199999
2015-01-01,Employees Receiving Back Wages,food services,46902
2015-01-01,CMPs Assessed,food services,1615917.04
2014-01-01,Compliance Actions,food services,5118
2014-01-01,Back Wages,food services,34451989.7800001
2014-01-01,Employees Receiving Back Wages,food services,44133
2014-01-01,CMPs Assessed,food services,1519614.99
2013-01-01,Compliance Actions,food services,6053
2013-01-01,Back Wages,food services,34863786.21
2013-01-01,Employees Receiving Back Wages,food services,47861
2013-01-01,CMPs Assessed,food services,1573780.64
2023-01-01,Compliance Actions,guard services,638
2023-01-01,Back Wages,guard services,5250544.43
2023-01-01,Employees Receiving Back Wages,guard services,4913
2023-01-01,CMPs Assessed,guard services,207242.5
2022-01-01,Compliance Actions,guard services,607
2022-01-01,Back Wages,guard services,3900934.81
2022-01-01,Employees Receiving Back Wages,guard services,4606
2022-01-01,CMPs Assessed,guard services,593049
2021-01-01,Compliance Actions,guard services,497
2021-01-01,Back Wages,guard services,6252652.3
2021-01-01,Employees Receiving Back Wages,guard services,5343
2021-01-01,CMPs Assessed,guard services,95577.25
2020-01-01,Compliance Actions,guard services,567
2020-01-01,Back Wages,guard services,6692059.18
2020-01-01,Employees Receiving Back Wages,guard services,6246
2020-01-01,CMPs Assessed,guard services,167118
2019-01-01,Compliance Actions,guard services,597
2019-01-01,Back Wages,guard services,6771935.69
2019-01-01,Employees Receiving Back Wages,guard services,12553
2019-01-01,CMPs Assessed,guard services,626339.45
2018-01-01,Compliance Actions,guard services,580
2018-01-01,Back Wages,guard services,10014706.23
2018-01-01,Employees Receiving Back Wages,guard services,10569
2018-01-01,CMPs Assessed,guard services,151422.45
2017-01-01,Compliance Actions,guard services,591
2017-01-01,Back Wages,guard services,5273457.68
2017-01-01,Employees Receiving Back Wages,guard services,7010
2017-01-01,CMPs Assessed,guard services,273468.8
2016-01-01,Compliance Actions,guard services,559
2016-01-01,Back Wages,guard services,5229747.07
2016-01-01,Employees Receiving Back Wages,guard services,12667
2016-01-01,CMPs Assessed,guard services,307290.5
2015-01-01,Compliance Actions,guard services,499
2015-01-01,Back Wages,guard services,4744910.01
2015-01-01,Employees Receiving Back Wages,guard services,6824
2015-01-01,CMPs Assessed,guard services,268405.5
2014-01-01,Compliance Actions,guard services,475
2014-01-01,Back Wages,guard services,5659935.61
2014-01-01,Employees Receiving Back Wages,guard services,6729
2014-01-01,CMPs Assessed,guard services,225757.75
2013-01-01,Compliance Actions,guard services,643
2013-01-01,Back Wages,guard services,12923236.86
2013-01-01,Employees Receiving Back Wages,guard services,8736
2013-01-01,CMPs Assessed,guard services,162723
2023-01-01,Compliance Actions,"hair, nail & skin care services",92
2023-01-01,Back Wages,"hair, nail & skin care services",55104.74
2023-01-01,Employees Receiving Back Wages,"hair, nail & skin care services",112
2023-01-01,CMPs Assessed,"hair, nail & skin care services",88612
2022-01-01,Compliance Actions,"hair, nail & skin care services",76
2022-01-01,Back Wages,"hair, nail & skin care services",275895.93
2022-01-01,Employees Receiving Back Wages,"hair, nail & skin care services",207
2022-01-01,CMPs Assessed,"hair, nail & skin care services",3239.25
2021-01-01,Compliance Actions,"hair, nail & skin care services",107
2021-01-01,Back Wages,"hair, nail & skin care services",309584.89
2021-01-01,Employees Receiving Back Wages,"hair, nail & skin care services",317
2021-01-01,CMPs Assessed,"hair, nail & skin care services",61678.74
2020-01-01,Compliance Actions,"hair, nail & skin care services",104
2020-01-01,Back Wages,"hair, nail & skin care services",1408404.12
2020-01-01,Employees Receiving Back Wages,"hair, nail & skin care services",7863
2020-01-01,CMPs Assessed,"hair, nail & skin care services",1810
2019-01-01,Compliance Actions,"hair, nail & skin care services",181
2019-01-01,Back Wages,"hair, nail & skin care services",650911.97
2019-01-01,Employees Receiving Back Wages,"hair, nail & skin care services",581
2019-01-01,CMPs Assessed,"hair, nail & skin care services",53306.65
2018-01-01,Compliance Actions,"hair, nail & skin care services",151
2018-01-01,Back Wages,"hair, nail & skin care services",392042.89
2018-01-01,Employees Receiving Back Wages,"hair, nail & skin care services",341
2018-01-01,CMPs Assessed,"hair, nail & skin care services",9746
2017-01-01,Compliance Actions,"hair, nail & skin care services",209
2017-01-01,Back Wages,"hair, nail & skin care services",510182.07
2017-01-01,Employees Receiving Back Wages,"hair, nail & skin care services",469
2017-01-01,CMPs Assessed,"hair, nail & skin care services",18788
2016-01-01,Compliance Actions,"hair, nail & skin care services",224
2016-01-01,Back Wages,"hair, nail & skin care services",562095.61
2016-01-01,Employees Receiving Back Wages,"hair, nail & skin care services",502
2016-01-01,CMPs Assessed,"hair, nail & skin care services",6611
2015-01-01,Compliance Actions,"hair, nail & skin care services",164
2015-01-01,Back Wages,"hair, nail & skin care services",2332501.87
2015-01-01,Employees Receiving Back Wages,"hair, nail & skin care services",521
2015-01-01,CMPs Assessed,"hair, nail & skin care services",440
2014-01-01,Compliance Actions,"hair, nail & skin care services",136
2014-01-01,Back Wages,"hair, nail & skin care services",229045.15
2014-01-01,Employees Receiving Back Wages,"hair, nail & skin care services",335
2014-01-01,CMPs Assessed,"hair, nail & skin care services",935
2013-01-01,Compliance Actions,"hair, nail & skin care services",151
2013-01-01,Back Wages,"hair, nail & skin care services",240856.66
2013-01-01,Employees Receiving Back Wages,"hair, nail & skin care services",513
2013-01-01,CMPs Assessed,"hair, nail & skin care services",9086
2023-01-01,Compliance Actions,health care,2492
2023-01-01,Back Wages,health care,31799787.36
2023-01-01,Employees Receiving Back Wages,health care,24330
2023-01-01,CMPs Assessed,health care,2057089.9500000002
2022-01-01,Compliance Actions,health care,2431
2022-01-01,Back Wages,health care,32530675.54
2022-01-01,Employees Receiving Back Wages,health care,33756
2022-01-01,CMPs Assessed,health care,1488777.88
2021-01-01,Compliance Actions,health care,2555
2021-01-01,Back Wages,health care,38773832.16
2021-01-01,Employees Receiving Back Wages,health care,31707
2021-01-01,CMPs Assessed,health care,1039153.88
2020-01-01,Compliance Actions,health care,2661
2020-01-01,Back Wages,health care,43819262.1300001
2020-01-01,Employees Receiving Back Wages,health care,36896
2020-01-01,CMPs Assessed,health care,753013.56
2019-01-01,Compliance Actions,health care,3096
2019-01-01,Back Wages,health care,37424906.8200001
2019-01-01,Employees Receiving Back Wages,health care,39011
2019-01-01,CMPs Assessed,health care,1367428.15
2018-01-01,Compliance Actions,health care,3354
2018-01-01,Back Wages,health care,28722012.85
2018-01-01,Employees Receiving Back Wages,health care,35586
2018-01-01,CMPs Assessed,health care,579622.59
2017-01-01,Compliance Actions,health care,2948
2017-01-01,Back Wages,health care,24350601.33
2017-01-01,Employees Receiving Back Wages,health care,28573
2017-01-01,CMPs Assessed,health care,858668.8
2016-01-01,Compliance Actions,health care,2703
2016-01-01,Back Wages,health care,17540909.69
2016-01-01,Employees Receiving Back Wages,health care,25018
2016-01-01,CMPs Assessed,health care,416466
2015-01-01,Compliance Actions,health care,2586
2015-01-01,Back Wages,health care,20930530.24
2015-01-01,Employees Receiving Back Wages,health care,23148
2015-01-01,CMPs Assessed,health care,471868
2014-01-01,Compliance Actions,health care,2668
2014-01-01,Back Wages,health care,22986635.66
2014-01-01,Employees Receiving Back Wages,health care,27126
2014-01-01,CMPs Assessed,health care,681791.5
2013-01-01,Compliance Actions,health care,2882
2013-01-01,Back Wages,health care,17338048.75
2013-01-01,Employees Receiving Back Wages,health care,21776
2013-01-01,CMPs Assessed,health care,559833.25
2023-01-01,Compliance Actions,hotels and motels,544
2023-01-01,Back Wages,hotels and motels,2494920.56
2023-01-01,Employees Receiving Back Wages,hotels and motels,3256
2023-01-01,CMPs Assessed,hotels and motels,797097.42
2022-01-01,Compliance Actions,hotels and motels,595
2022-01-01,Back Wages,hotels and motels,4636891.07
2022-01-01,Employees Receiving Back Wages,hotels and motels,3018
2022-01-01,CMPs Assessed,hotels and motels,474953.72
2021-01-01,Compliance Actions,hotels and motels,602
2021-01-01,Back Wages,hotels and motels,2445609.01
2021-01-01,Employees Receiving Back Wages,hotels and motels,3099
2021-01-01,CMPs Assessed,hotels and motels,694542.83
2020-01-01,Compliance Actions,hotels and motels,661
2020-01-01,Back Wages,hotels and motels,2468209.3
2020-01-01,Employees Receiving Back Wages,hotels and motels,3798
2020-01-01,CMPs Assessed,hotels and motels,697889.16
2019-01-01,Compliance Actions,hotels and motels,971
2019-01-01,Back Wages,hotels and motels,3677439.42
2019-01-01,Employees Receiving Back Wages,hotels and motels,6400
2019-01-01,CMPs Assessed,hotels and motels,891022.01
2018-01-01,Compliance Actions,hotels and motels,1296
2018-01-01,Back Wages,hotels and motels,9346636.40000001
2018-01-01,Employees Receiving Back Wages,hotels and motels,24432
2018-01-01,CMPs Assessed,hotels and motels,589678.7
2017-01-01,Compliance Actions,hotels and motels,1605
2017-01-01,Back Wages,hotels and motels,5450509.71000001
2017-01-01,Employees Receiving Back Wages,hotels and motels,8302
2017-01-01,CMPs Assessed,hotels and motels,553825.53
2016-01-01,Compliance Actions,hotels and motels,1129
2016-01-01,Back Wages,hotels and motels,3947846.71
2016-01-01,Employees Receiving Back Wages,hotels and motels,6222
2016-01-01,CMPs Assessed,hotels and motels,355501.01
2015-01-01,Compliance Actions,hotels and motels,981
2015-01-01,Back Wages,hotels and motels,3610343
2015-01-01,Employees Receiving Back Wages,hotels and motels,6675
2015-01-01,CMPs Assessed,hotels and motels,325523.75
2014-01-01,Compliance Actions,hotels and motels,1049
2014-01-01,Back Wages,hotels and motels,4040376.18
2014-01-01,Employees Receiving Back Wages,hotels and motels,7420
2014-01-01,CMPs Assessed,hotels and motels,325077.4
2013-01-01,Compliance Actions,hotels and motels,1245
2013-01-01,Back Wages,hotels and motels,4524391.41
2013-01-01,Employees Receiving Back Wages,hotels and motels,8115
2013-01-01,CMPs Assessed,hotels and motels,339590.5
2023-01-01,Compliance Actions,janitorial services,408
2023-01-01,Back Wages,janitorial services,3755639.6
2023-01-01,Employees Receiving Back Wages,janitorial services,5066
2023-01-01,CMPs Assessed,janitorial services,1620031.9
2022-01-01,Compliance Actions,janitorial services,339
2022-01-01,Back Wages,janitorial services,3397300.35
2022-01-01,Employees Receiving Back Wages,janitorial services,1295
2022-01-01,CMPs Assessed,janitorial services,285350.37
2021-01-01,Compliance Actions,janitorial services,456
2021-01-01,Back Wages,janitorial services,2426106.29
2021-01-01,Employees Receiving Back Wages,janitorial services,2861
2021-01-01,CMPs Assessed,janitorial services,119085
2020-01-01,Compliance Actions,janitorial services,474
2020-01-01,Back Wages,janitorial services,3549013.88
2020-01-01,Employees Receiving Back Wages,janitorial services,3257
2020-01-01,CMPs Assessed,janitorial services,161159.25
2019-01-01,Compliance Actions,janitorial services,472
2019-01-01,Back Wages,janitorial services,7351515.48
2019-01-01,Employees Receiving Back Wages,janitorial services,5178
2019-01-01,CMPs Assessed,janitorial services,76778.1
2018-01-01,Compliance Actions,janitorial services,520
2018-01-01,Back Wages,janitorial services,5641983.04
2018-01-01,Employees Receiving Back Wages,janitorial services,6663
2018-01-01,CMPs Assessed,janitorial services,174548.05
2017-01-01,Compliance Actions,janitorial services,468
2017-01-01,Back Wages,janitorial services,2897736.93
2017-01-01,Employees Receiving Back Wages,janitorial services,2775
2017-01-01,CMPs Assessed,janitorial services,363462
2016-01-01,Compliance Actions,janitorial services,523
2016-01-01,Back Wages,janitorial services,3670600.41
2016-01-01,Employees Receiving Back Wages,janitorial services,5636
2016-01-01,CMPs Assessed,janitorial services,489658.3
2015-01-01,Compliance Actions,janitorial services,563
2015-01-01,Back Wages,janitorial services,3520318.7
2015-01-01,Employees Receiving Back Wages,janitorial services,4123
2015-01-01,CMPs Assessed,janitorial services,72712.5
2014-01-01,Compliance Actions,janitorial services,523
2014-01-01,Back Wages,janitorial services,3902434.44
2014-01-01,Employees Receiving Back Wages,janitorial services,4425
2014-01-01,CMPs Assessed,janitorial services,75420.5
2013-01-01,Compliance Actions,janitorial services,698
2013-01-01,Back Wages,janitorial services,4012576.77
2013-01-01,Employees Receiving Back Wages,janitorial services,5466
2013-01-01,CMPs Assessed,janitorial services,40772
2023-01-01,Compliance Actions,landscaping services,207
2023-01-01,Back Wages,landscaping services,3063867.39
2023-01-01,Employees Receiving Back Wages,landscaping services,1894
2023-01-01,CMPs Assessed,landscaping services,840387.58
2022-01-01,Compliance Actions,landscaping services,252
2022-01-01,Back Wages,landscaping services,2670300.26
2022-01-01,Employees Receiving Back Wages,landscaping services,1947
2022-01-01,CMPs Assessed,landscaping services,810145.53
2021-01-01,Compliance Actions,landscaping services,293
2021-01-01,Back Wages,landscaping services,3218092.81
2021-01-01,Employees Receiving Back Wages,landscaping services,5317
2021-01-01,CMPs Assessed,landscaping services,1144818.4
2020-01-01,Compliance Actions,landscaping services,243
2020-01-01,Back Wages,landscaping services,2418168.04
2020-01-01,Employees Receiving Back Wages,landscaping services,1941
2020-01-01,CMPs Assessed,landscaping services,855884.83
2019-01-01,Compliance Actions,landscaping services,274
2019-01-01,Back Wages,landscaping services,4236368.47
2019-01-01,Employees Receiving Back Wages,landscaping services,3041
2019-01-01,CMPs Assessed,landscaping services,752115.01
2018-01-01,Compliance Actions,landscaping services,292
2018-01-01,Back Wages,landscaping services,3465224.6
2018-01-01,Employees Receiving Back Wages,landscaping services,3053
2018-01-01,CMPs Assessed,landscaping services,271517.09
2017-01-01,Compliance Actions,landscaping services,273
2017-01-01,Back Wages,landscaping services,2876963.55
2017-01-01,Employees Receiving Back Wages,landscaping services,2384
2017-01-01,CMPs Assessed,landscaping services,132695.17
2016-01-01,Compliance Actions,landscaping services,294
2016-01-01,Back Wages,landscaping services,3051188.5
2016-01-01,Employees Receiving Back Wages,landscaping services,3058
2016-01-01,CMPs Assessed,landscaping services,234811.05
2015-01-01,Compliance Actions,landscaping services,257
2015-01-01,Back Wages,landscaping services,2182134.41
2015-01-01,Employees Receiving Back Wages,landscaping services,2930
2015-01-01,CMPs Assessed,landscaping services,162386.27
2014-01-01,Compliance Actions,landscaping services,322
2014-01-01,Back Wages,landscaping services,3708710.95
2014-01-01,Employees Receiving Back Wages,landscaping services,2743
2014-01-01,CMPs Assessed,landscaping services,196246.66
2013-01-01,Compliance Actions,landscaping services,410
2013-01-01,Back Wages,landscaping services,3513960.92
2013-01-01,Employees Receiving Back Wages,landscaping services,3814
2013-01-01,CMPs Assessed,landscaping services,278999.06
2023-01-01,Compliance Actions,logistics,41
2023-01-01,Back Wages,logistics,169619.87000000002
2023-01-01,Employees Receiving Back Wages,logistics,128
2023-01-01,CMPs Assessed,logistics,0
2022-01-01,Compliance Actions,logistics,42
2022-01-01,Back Wages,logistics,604673.81
2022-01-01,Employees Receiving Back Wages,logistics,531
2022-01-01,CMPs Assessed,logistics,27910
2021-01-01,Compliance Actions,logistics,82
2021-01-01,Back Wages,logistics,485803.28
2021-01-01,Employees Receiving Back Wages,logistics,204
2021-01-01,CMPs Assessed,logistics,0
2020-01-01,Compliance Actions,logistics,74
2020-01-01,Back Wages,logistics,185049.28
2020-01-01,Employees Receiving Back Wages,logistics,154
2020-01-01,CMPs Assessed,logistics,0
2019-01-01,Compliance Actions,logistics,48
2019-01-01,Back Wages,logistics,417991.88
2019-01-01,Employees Receiving Back Wages,logistics,556
2019-01-01,CMPs Assessed,logistics,0
2018-01-01,Compliance Actions,logistics,47
2018-01-01,Back Wages,logistics,761577.32
2018-01-01,Employees Receiving Back Wages,logistics,690
2018-01-01,CMPs Assessed,logistics,6138
2017-01-01,Compliance Actions,logistics,47
2017-01-01,Back Wages,logistics,671394.68
2017-01-01,Employees Receiving Back Wages,logistics,447
2017-01-01,CMPs Assessed,logistics,8909.8
2016-01-01,Compliance Actions,logistics,44
2016-01-01,Back Wages,logistics,285116.19
2016-01-01,Employees Receiving Back Wages,logistics,512
2016-01-01,CMPs Assessed,logistics,0
2015-01-01,Compliance Actions,logistics,51
2015-01-01,Back Wages,logistics,211491.84
2015-01-01,Employees Receiving Back Wages,logistics,184
2015-01-01,CMPs Assessed,logistics,6809
2014-01-01,Compliance Actions,logistics,27
2014-01-01,Back Wages,logistics,215322.5
2014-01-01,Employees Receiving Back Wages,logistics,148
2014-01-01,CMPs Assessed,logistics,0
2013-01-01,Compliance Actions,logistics,16
2013-01-01,Back Wages,logistics,214456.7
2013-01-01,Employees Receiving Back Wages,logistics,89
2013-01-01,CMPs Assessed,logistics,0
2023-01-01,Compliance Actions,retail,1655
2023-01-01,Back Wages,retail,8391802.13
2023-01-01,Employees Receiving Back Wages,retail,9643
2023-01-01,CMPs Assessed,retail,1172125.19
2022-01-01,Compliance Actions,retail,1813
2022-01-01,Back Wages,retail,7448019.22999999
2022-01-01,Employees Receiving Back Wages,retail,6715
2022-01-01,CMPs Assessed,retail,1042933.71
2021-01-01,Compliance Actions,retail,2705
2021-01-01,Back Wages,retail,13470209.4
2021-01-01,Employees Receiving Back Wages,retail,14734
2021-01-01,CMPs Assessed,retail,1320105.98
2020-01-01,Compliance Actions,retail,3094
2020-01-01,Back Wages,retail,10963891.83
2020-01-01,Employees Receiving Back Wages,retail,13001
2020-01-01,CMPs Assessed,retail,1227735.24
2019-01-01,Compliance Actions,retail,2856
2019-01-01,Back Wages,retail,14170134.6
2019-01-01,Employees Receiving Back Wages,retail,18280
2019-01-01,CMPs Assessed,retail,1008598.5
2018-01-01,Compliance Actions,retail,3061
2018-01-01,Back Wages,retail,14734604.97
2018-01-01,Employees Receiving Back Wages,retail,17023
2018-01-01,CMPs Assessed,retail,854170.8
2017-01-01,Compliance Actions,retail,3094
2017-01-01,Back Wages,retail,11938707.1
2017-01-01,Employees Receiving Back Wages,retail,13250
2017-01-01,CMPs Assessed,retail,928168.58
2016-01-01,Compliance Actions,retail,3011
2016-01-01,Back Wages,retail,14706333.11
2016-01-01,Employees Receiving Back Wages,retail,14623
2016-01-01,CMPs Assessed,retail,829070.5
2015-01-01,Compliance Actions,retail,2840
2015-01-01,Back Wages,retail,12637751.13
2015-01-01,Employees Receiving Back Wages,retail,14562
2015-01-01,CMPs Assessed,retail,621971
2014-01-01,Compliance Actions,retail,2924
2014-01-01,Back Wages,retail,15319324.87
2014-01-01,Employees Receiving Back Wages,retail,17405
2014-01-01,CMPs Assessed,retail,859718.25
2013-01-01,Compliance Actions,retail,3148
2013-01-01,Back Wages,retail,15611767.42
2013-01-01,Employees Receiving Back Wages,retail,17970
2013-01-01,CMPs Assessed,retail,1429809.75
2023-01-01,Compliance Actions,temporary help,266
2023-01-01,Back Wages,temporary help,9251120.94
2023-01-01,Employees Receiving Back Wages,temporary help,4478
2023-01-01,CMPs Assessed,temporary help,2121782
2022-01-01,Compliance Actions,temporary help,400
2022-01-01,Back Wages,temporary help,8192261.51
2022-01-01,Employees Receiving Back Wages,temporary help,6764
2022-01-01,CMPs Assessed,temporary help,438310.27
2021-01-01,Compliance Actions,temporary help,471
2021-01-01,Back Wages,temporary help,2602223.31
2021-01-01,Employees Receiving Back Wages,temporary help,4883
2021-01-01,CMPs Assessed,temporary help,152469.92
2020-01-01,Compliance Actions,temporary help,347
2020-01-01,Back Wages,temporary help,1826879.08
2020-01-01,Employees Receiving Back Wages,temporary help,2832
2020-01-01,CMPs Assessed,temporary help,101914.42
2019-01-01,Compliance Actions,temporary help,357
2019-01-01,Back Wages,temporary help,4383824.32
2019-01-01,Employees Receiving Back Wages,temporary help,5929
2019-01-01,CMPs Assessed,temporary help,107208.05
2018-01-01,Compliance Actions,temporary help,501
2018-01-01,Back Wages,temporary help,3874992.31
2018-01-01,Employees Receiving Back Wages,temporary help,8231
2018-01-01,CMPs Assessed,temporary help,56982.05
2017-01-01,Compliance Actions,temporary help,457
2017-01-01,Back Wages,temporary help,9446127.67
2017-01-01,Employees Receiving Back Wages,temporary help,9003
2017-01-01,CMPs Assessed,temporary help,935540.4
2016-01-01,Compliance Actions,temporary help,477
2016-01-01,Back Wages,temporary help,3711452.06
2016-01-01,Employees Receiving Back Wages,temporary help,6382
2016-01-01,CMPs Assessed,temporary help,287164
2015-01-01,Compliance Actions,temporary help,391
2015-01-01,Back Wages,temporary help,2443420.75
2015-01-01,Employees Receiving Back Wages,temporary help,5278
2015-01-01,CMPs Assessed,temporary help,253457.25
2014-01-01,Compliance Actions,temporary help,368
2014-01-01,Back Wages,temporary help,3915497.56
2014-01-01,Employees Receiving Back Wages,temporary help,6009
2014-01-01,CMPs Assessed,temporary help,22028.5
2013-01-01,Compliance Actions,temporary help,360
2013-01-01,Back Wages,temporary help,3226419.92
2013-01-01,Employees Receiving Back Wages,temporary help,6312
2013-01-01,CMPs Assessed,temporary help,24970
2023-01-01,Compliance Actions,trucking,813
2023-01-01,Back Wages,trucking,1931425.8100000003
2023-01-01,Employees Receiving Back Wages,trucking,3886
2023-01-01,CMPs Assessed,trucking,64511
2022-01-01,Compliance Actions,trucking,692
2022-01-01,Back Wages,trucking,2927973.57
2022-01-01,Employees Receiving Back Wages,trucking,1214
2022-01-01,CMPs Assessed,trucking,18205
2021-01-01,Compliance Actions,trucking,696
2021-01-01,Back Wages,trucking,5055844.48
2021-01-01,Employees Receiving Back Wages,trucking,1880
2021-01-01,CMPs Assessed,trucking,198967.3
2020-01-01,Compliance Actions,trucking,810
2020-01-01,Back Wages,trucking,5437509
2020-01-01,Employees Receiving Back Wages,trucking,2982
2020-01-01,CMPs Assessed,trucking,39840.1
2019-01-01,Compliance Actions,trucking,714
2019-01-01,Back Wages,trucking,4247294.6
2019-01-01,Employees Receiving Back Wages,trucking,5498
2019-01-01,CMPs Assessed,trucking,55192.7
2018-01-01,Compliance Actions,trucking,682
2018-01-01,Back Wages,trucking,11979479.95
2018-01-01,Employees Receiving Back Wages,trucking,4169
2018-01-01,CMPs Assessed,trucking,49150.8
2017-01-01,Compliance Actions,trucking,779
2017-01-01,Back Wages,trucking,9424076
2017-01-01,Employees Receiving Back Wages,trucking,5395
2017-01-01,CMPs Assessed,trucking,105764.25
2016-01-01,Compliance Actions,trucking,799
2016-01-01,Back Wages,trucking,7091085.72
2016-01-01,Employees Receiving Back Wages,trucking,3272
2016-01-01,CMPs Assessed,trucking,84628
2015-01-01,Compliance Actions,trucking,733
2015-01-01,Back Wages,trucking,4703051.54
2015-01-01,Employees Receiving Back Wages,trucking,2900
2015-01-01,CMPs Assessed,trucking,38932
2014-01-01,Compliance Actions,trucking,747
2014-01-01,Back Wages,trucking,3844983.42
2014-01-01,Employees Receiving Back Wages,trucking,3583
2014-01-01,CMPs Assessed,trucking,24638
2013-01-01,Compliance Actions,trucking,873
2013-01-01,Back Wages,trucking,7247634.83
2013-01-01,Employees Receiving Back Wages,trucking,11009
2013-01-01,CMPs Assessed,trucking,99434.75
2023-01-01,Compliance Actions,utilities,58
2023-01-01,Back Wages,utilities,128981.16
2023-01-01,Employees Receiving Back Wages,utilities,219
2023-01-01,CMPs Assessed,utilities,0
2022-01-01,Compliance Actions,utilities,28
2022-01-01,Back Wages,utilities,60932.21
2022-01-01,Employees Receiving Back Wages,utilities,50
2022-01-01,CMPs Assessed,utilities,0
2021-01-01,Compliance Actions,utilities,37
2021-01-01,Back Wages,utilities,252334.09
2021-01-01,Employees Receiving Back Wages,utilities,214
2021-01-01,CMPs Assessed,utilities,6786
2020-01-01,Compliance Actions,utilities,34
2020-01-01,Back Wages,utilities,780764.06
2020-01-01,Employees Receiving Back Wages,utilities,501
2020-01-01,CMPs Assessed,utilities,0
2019-01-01,Compliance Actions,utilities,42
2019-01-01,Back Wages,utilities,1365658.49
2019-01-01,Employees Receiving Back Wages,utilities,482
2019-01-01,CMPs Assessed,utilities,0
2018-01-01,Compliance Actions,utilities,32
2018-01-01,Back Wages,utilities,1332205.53
2018-01-01,Employees Receiving Back Wages,utilities,1572
2018-01-01,CMPs Assessed,utilities,28761
2017-01-01,Compliance Actions,utilities,44
2017-01-01,Back Wages,utilities,400670.05
2017-01-01,Employees Receiving Back Wages,utilities,1985
2017-01-01,CMPs Assessed,utilities,0
2016-01-01,Compliance Actions,utilities,33
2016-01-01,Back Wages,utilities,1569707.83
2016-01-01,Employees Receiving Back Wages,utilities,1094
2016-01-01,CMPs Assessed,utilities,20240
2015-01-01,Compliance Actions,utilities,29
2015-01-01,Back Wages,utilities,1301052.26
2015-01-01,Employees Receiving Back Wages,utilities,653
2015-01-01,CMPs Assessed,utilities,62920
2014-01-01,Compliance Actions,utilities,40
2014-01-01,Back Wages,utilities,607922.02
2014-01-01,Employees Receiving Back Wages,utilities,786
2014-01-01,CMPs Assessed,utilities,16269
2013-01-01,Compliance Actions,utilities,39
2013-01-01,Back Wages,utilities,404806.09
2013-01-01,Employees Receiving Back Wages,utilities,377
2013-01-01,CMPs Assessed,utilities,6160
2023-01-01,Compliance Actions,warehousing,90
2023-01-01,Back Wages,warehousing,1532149.9599999997
2023-01-01,Employees Receiving Back Wages,warehousing,1415
2023-01-01,CMPs Assessed,warehousing,3586
2022-01-01,Compliance Actions,warehousing,93
2022-01-01,Back Wages,warehousing,245023.71
2022-01-01,Employees Receiving Back Wages,warehousing,159
2022-01-01,CMPs Assessed,warehousing,0
2021-01-01,Compliance Actions,warehousing,75
2021-01-01,Back Wages,warehousing,2362567.02
2021-01-01,Employees Receiving Back Wages,warehousing,1654
2021-01-01,CMPs Assessed,warehousing,9222
2020-01-01,Compliance Actions,warehousing,53
2020-01-01,Back Wages,warehousing,76332.67
2020-01-01,Employees Receiving Back Wages,warehousing,89
2020-01-01,CMPs Assessed,warehousing,846
2019-01-01,Compliance Actions,warehousing,52
2019-01-01,Back Wages,warehousing,4174053.22
2019-01-01,Employees Receiving Back Wages,warehousing,2599
2019-01-01,CMPs Assessed,warehousing,19278.54
2018-01-01,Compliance Actions,warehousing,66
2018-01-01,Back Wages,warehousing,399969.09
2018-01-01,Employees Receiving Back Wages,warehousing,381
2018-01-01,CMPs Assessed,warehousing,11103.1
2017-01-01,Compliance Actions,warehousing,52
2017-01-01,Back Wages,warehousing,194226.12
2017-01-01,Employees Receiving Back Wages,warehousing,232
2017-01-01,CMPs Assessed,warehousing,6732
2016-01-01,Compliance Actions,warehousing,50
2016-01-01,Back Wages,warehousing,318552.37
2016-01-01,Employees Receiving Back Wages,warehousing,196
2016-01-01,CMPs Assessed,warehousing,0
2015-01-01,Compliance Actions,warehousing,23
2015-01-01,Back Wages,warehousing,120957.96
2015-01-01,Employees Receiving Back Wages,warehousing,86
2015-01-01,CMPs Assessed,warehousing,748
2014-01-01,Compliance Actions,warehousing,40
2014-01-01,Back Wages,warehousing,129882.46
2014-01-01,Employees Receiving Back Wages,warehousing,115
2014-01-01,CMPs Assessed,warehousing,77
2013-01-01,Compliance Actions,warehousing,26
2013-01-01,Back Wages,warehousing,127130.01
2013-01-01,Employees Receiving Back Wages,warehousing,102
2013-01-01,CMPs Assessed,warehousing,0
2023-01-01,Back Wages per Employee,agriculture,938.8666748399401
2022-01-01,Back Wages per Employee,agriculture,704.1093692493946
2021-01-01,Back Wages per Employee,agriculture,812.4531207245399
2020-01-01,Back Wages per Employee,agriculture,641.8299302075877
2019-01-01,Back Wages per Employee,agriculture,675.5365760142666
2018-01-01,Back Wages per Employee,agriculture,466.7875529672768
2017-01-01,Back Wages per Employee,agriculture,691.0626259583789
2016-01-01,Back Wages per Employee,agriculture,459.27016684045884
2015-01-01,Back Wages per Employee,agriculture,430.5916399002494
2014-01-01,Back Wages per Employee,agriculture,374.2811304130995
2013-01-01,Back Wages per Employee,agriculture,647.7244427493855
2023-01-01,Back Wages per Employee,amusement,466.38387434554977
2022-01-01,Back Wages per Employee,amusement,632.9377443609022
2021-01-01,Back Wages per Employee,amusement,1136.6496707431797
2020-01-01,Back Wages per Employee,amusement,509.83294692737434
2019-01-01,Back Wages per Employee,amusement,81.08543608465006
2018-01-01,Back Wages per Employee,amusement,579.9755512890839
2017-01-01,Back Wages per Employee,amusement,453.51679097154073
2016-01-01,Back Wages per Employee,amusement,622.6071975180972
2015-01-01,Back Wages per Employee,amusement,401.52393183201457
2014-01-01,Back Wages per Employee,amusement,552.3742472666106
2013-01-01,Back Wages per Employee,amusement,789.7803141592921
2023-01-01,Back Wages per Employee,animal processing,1169.7841106719368
2022-01-01,Back Wages per Employee,animal processing,734.558439716312
2021-01-01,Back Wages per Employee,animal processing,834.2958633776091
2020-01-01,Back Wages per Employee,animal processing,537.7656709677419
2019-01-01,Back Wages per Employee,animal processing,1528.8235073627843
2018-01-01,Back Wages per Employee,animal processing,590.8203507014027
2017-01-01,Back Wages per Employee,animal processing,401.2380522993688
2016-01-01,Back Wages per Employee,animal processing,605.7005359317906
2015-01-01,Back Wages per Employee,animal processing,460.5431216216216
2014-01-01,Back Wages per Employee,animal processing,811.0185193889541
2013-01-01,Back Wages per Employee,animal processing,813.3528557409226
2023-01-01,Back Wages per Employee,apparel manufacturing,3340.5509550561796
2022-01-01,Back Wages per Employee,apparel manufacturing,2755.5349582172703
2021-01-01,Back Wages per Employee,apparel manufacturing,2220.295680272109
2020-01-01,Back Wages per Employee,apparel manufacturing,2039.5054282267793
2019-01-01,Back Wages per Employee,apparel manufacturing,1853.8260948275863
2018-01-01,Back Wages per Employee,apparel manufacturing,1773.1006585365853
2017-01-01,Back Wages per Employee,apparel manufacturing,1195.8185738539898
2016-01-01,Back Wages per Employee,apparel manufacturing,1513.3027942322683
2015-01-01,Back Wages per Employee,apparel manufacturing,1250.9237254901961
2014-01-01,Back Wages per Employee,apparel manufacturing,1850.4675014943216
2013-01-01,Back Wages per Employee,apparel manufacturing,1417.0696652225286
2023-01-01,Back Wages per Employee,auto repair,1479.174009983361
2022-01-01,Back Wages per Employee,auto repair,1068.5521617293834
2021-01-01,Back Wages per Employee,auto repair,1220.7254377104377
2020-01-01,Back Wages per Employee,auto repair,1178.8116585760517
2019-01-01,Back Wages per Employee,auto repair,860.5181649616368
2018-01-01,Back Wages per Employee,auto repair,1028.5372284180091
2017-01-01,Back Wages per Employee,auto repair,1368.942451923077
2016-01-01,Back Wages per Employee,auto repair,917.2457225806452
2015-01-01,Back Wages per Employee,auto repair,634.6951941647832
2014-01-01,Back Wages per Employee,auto repair,851.1119845075617
2013-01-01,Back Wages per Employee,auto repair,1479.9110140449438
2023-01-01,Back Wages per Employee,child care services,438.49694542877387
2022-01-01,Back Wages per Employee,child care services,458.1151596638656
2021-01-01,Back Wages per Employee,child care services,546.7957846355877
2020-01-01,Back Wages per Employee,child care services,469.63375589066914
2019-01-01,Back Wages per Employee,child care services,422.55908045977014
2018-01-01,Back Wages per Employee,child care services,376.7881395348837
2017-01-01,Back Wages per Employee,child care services,318.0286141164348
2016-01-01,Back Wages per Employee,child care services,416.0699011156186
2015-01-01,Back Wages per Employee,child care services,411.5540981963928
2014-01-01,Back Wages per Employee,child care services,322.63522539573296
2013-01-01,Back Wages per Employee,child care services,387.2265957446809
2023-01-01,Back Wages per Employee,construction,1981.642756910388
2022-01-01,Back Wages per Employee,construction,1921.749009750686
2021-01-01,Back Wages per Employee,construction,1690.0838611124127
2020-01-01,Back Wages per Employee,construction,1394.4449445382204
2019-01-01,Back Wages per Employee,construction,1264.1760743628656
2018-01-01,Back Wages per Employee,construction,1512.1085182444838
2017-01-01,Back Wages per Employee,construction,1861.1967251263522
2016-01-01,Back Wages per Employee,construction,1552.8120646914315
2015-01-01,Back Wages per Employee,construction,1513.9496078994614
2014-01-01,Back Wages per Employee,construction,1737.220426272126
2013-01-01,Back Wages per Employee,construction,1783.7241433419845
2023-01-01,Back Wages per Employee,food services,1144.379792728115
2022-01-01,Back Wages per Employee,food services,1204.671210776264
2021-01-01,Back Wages per Employee,food services,1189.3947820877127
2020-01-01,Back Wages per Employee,food services,977.7596445455669
2019-01-01,Back Wages per Employee,food services,860.8944915557892
2018-01-01,Back Wages per Employee,food services,1043.0707549327324
2017-01-01,Back Wages per Employee,food services,967.8459921556297
2016-01-01,Back Wages per Employee,food services,889.2247053034223
2015-01-01,Back Wages per Employee,food services,812.2914741375613
2014-01-01,Back Wages per Employee,food services,780.6401055899236
2013-01-01,Back Wages per Employee,food services,728.4383153298093
2023-01-01,Back Wages per Employee,guard services,1068.7043415428454
2022-01-01,Back Wages per Employee,guard services,846.9246222318715
2021-01-01,Back Wages per Employee,guard services,1170.2512259030507
2020-01-01,Back Wages per Employee,guard services,1071.4151745116874
2019-01-01,Back Wages per Employee,guard services,539.4675129451127
2018-01-01,Back Wages per Employee,guard services,947.5547573091116
2017-01-01,Back Wages per Employee,guard services,752.2764165477888
2016-01-01,Back Wages per Employee,guard services,412.8639038446357
2015-01-01,Back Wages per Employee,guard services,695.3267892731535
2014-01-01,Back Wages per Employee,guard services,841.1258151285481
2013-01-01,Back Wages per Employee,guard services,1479.3082486263736
2023-01-01,Back Wages per Employee,"hair, nail & skin care services",492.00660714285715
2022-01-01,Back Wages per Employee,"hair, nail & skin care services",1332.830579710145
2021-01-01,Back Wages per Employee,"hair, nail & skin care services",976.6084858044164
2020-01-01,Back Wages per Employee,"hair, nail & skin care services",179.11790919496377
2019-01-01,Back Wages per Employee,"hair, nail & skin care services",1120.330413080895
2018-01-01,Back Wages per Employee,"hair, nail & skin care services",1149.6858944281526
2017-01-01,Back Wages per Employee,"hair, nail & skin care services",1087.808251599147
2016-01-01,Back Wages per Employee,"hair, nail & skin care services",1119.7123705179283
2015-01-01,Back Wages per Employee,"hair, nail & skin care services",4476.970959692899
2014-01-01,Back Wages per Employee,"hair, nail & skin care services",683.7168656716418
2013-01-01,Back Wages per Employee,"hair, nail & skin care services",469.5061598440546
2023-01-01,Back Wages per Employee,health care,1307.0196202219481
2022-01-01,Back Wages per Employee,health care,963.7005433108188
2021-01-01,Back Wages per Employee,health care,1222.8792430693536
2020-01-01,Back Wages per Employee,health care,1187.6426206092829
2019-01-01,Back Wages per Employee,health care,959.3424116274922
2018-01-01,Back Wages per Employee,health care,807.1155187433261
2017-01-01,Back Wages per Employee,health care,852.2241742204178
2016-01-01,Back Wages per Employee,health care,701.1315728675354
2015-01-01,Back Wages per Employee,health care,904.2046932780369
2014-01-01,Back Wages per Employee,health care,847.4023320799233
2013-01-01,Back Wages per Employee,health care,796.1998874908156
2023-01-01,Back Wages per Employee,hotels and motels,766.2532432432432
2022-01-01,Back Wages per Employee,hotels and motels,1536.4118853545394
2021-01-01,Back Wages per Employee,hotels and motels,789.1607002258793
2020-01-01,Back Wages per Employee,hotels and motels,649.8708004212743
2019-01-01,Back Wages per Employee,hotels and motels,574.599909375
2018-01-01,Back Wages per Employee,hotels and motels,382.55715455140836
2017-01-01,Back Wages per Employee,hotels and motels,656.5297169356794
2016-01-01,Back Wages per Employee,hotels and motels,634.4980247508839
2015-01-01,Back Wages per Employee,hotels and motels,540.8753558052434
2014-01-01,Back Wages per Employee,hotels and motels,544.5250916442048
2013-01-01,Back Wages per Employee,hotels and motels,557.5343696857672
2023-01-01,Back Wages per Employee,janitorial services,741.3422029214371
2022-01-01,Back Wages per Employee,janitorial services,2623.3979536679535
2021-01-01,Back Wages per Employee,janitorial services,847.9924117441454
2020-01-01,Back Wages per Employee,janitorial services,1089.6573165489715
2019-01-01,Back Wages per Employee,janitorial services,1419.7596523754346
2018-01-01,Back Wages per Employee,janitorial services,846.7631757466606
2017-01-01,Back Wages per Employee,janitorial services,1044.2295243243243
2016-01-01,Back Wages per Employee,janitorial services,651.2775745209368
2015-01-01,Back Wages per Employee,janitorial services,853.8245694882368
2014-01-01,Back Wages per Employee,janitorial services,881.9060881355932
2013-01-01,Back Wages per Employee,janitorial services,734.0974698133919
2023-01-01,Back Wages per Employee,landscaping services,1617.670216473073
2022-01-01,Back Wages per Employee,landscaping services,1371.4947406266049
2021-01-01,Back Wages per Employee,landscaping services,605.245967650931
2020-01-01,Back Wages per Employee,landscaping services,1245.8361875322
2019-01-01,Back Wages per Employee,landscaping services,1393.0840085498191
2018-01-01,Back Wages per Employee,landscaping services,1135.022797248608
2017-01-01,Back Wages per Employee,landscaping services,1206.7800125838926
2016-01-01,Back Wages per Employee,landscaping services,997.7725637671681
2015-01-01,Back Wages per Employee,landscaping services,744.7557713310581
2014-01-01,Back Wages per Employee,landscaping services,1352.063780532264
2013-01-01,Back Wages per Employee,landscaping services,921.3321761929733
2023-01-01,Back Wages per Employee,logistics,1325.1552343750002
2022-01-01,Back Wages per Employee,logistics,1138.7454048964219
2021-01-01,Back Wages per Employee,logistics,2381.3886274509805
2020-01-01,Back Wages per Employee,logistics,1201.6187012987014
2019-01-01,Back Wages per Employee,logistics,751.7839568345324
2018-01-01,Back Wages per Employee,logistics,1103.7352463768116
2017-01-01,Back Wages per Employee,logistics,1502.0015212527965
2016-01-01,Back Wages per Employee,logistics,556.86755859375
2015-01-01,Back Wages per Employee,logistics,1149.4121739130435
2014-01-01,Back Wages per Employee,logistics,1454.8817567567567
2013-01-01,Back Wages per Employee,logistics,2409.625842696629
2023-01-01,Back Wages per Employee,retail,870.2480690656436
2022-01-01,Back Wages per Employee,retail,1109.161463886819
2021-01-01,Back Wages per Employee,retail,914.2262386317361
2020-01-01,Back Wages per Employee,retail,843.3114245058073
2019-01-01,Back Wages per Employee,retail,775.17147702407
2018-01-01,Back Wages per Employee,retail,865.5704029841979
2017-01-01,Back Wages per Employee,retail,901.0344981132075
2016-01-01,Back Wages per Employee,retail,1005.69876974629
2015-01-01,Back Wages per Employee,retail,867.8582014833128
2014-01-01,Back Wages per Employee,retail,880.1680476874461
2013-01-01,Back Wages per Employee,retail,868.7683594880356
2023-01-01,Back Wages per Employee,temporary help,2065.904631531934
2022-01-01,Back Wages per Employee,temporary help,1211.1563438793612
2021-01-01,Back Wages per Employee,temporary help,532.9148699569937
2020-01-01,Back Wages per Employee,temporary help,645.0844209039549
2019-01-01,Back Wages per Employee,temporary help,739.386797099005
2018-01-01,Back Wages per Employee,temporary help,470.7802587777913
2017-01-01,Back Wages per Employee,temporary help,1049.220001110741
2016-01-01,Back Wages per Employee,temporary help,581.5499937323723
2015-01-01,Back Wages per Employee,temporary help,462.94443918150813
2014-01-01,Back Wages per Employee,temporary help,651.605518389083
2013-01-01,Back Wages per Employee,temporary help,511.1565145754119
2023-01-01,Back Wages per Employee,trucking,497.0215671641792
2022-01-01,Back Wages per Employee,trucking,2411.839843492586
2021-01-01,Back Wages per Employee,trucking,2689.2789787234046
2020-01-01,Back Wages per Employee,trucking,1823.443661971831
2019-01-01,Back Wages per Employee,trucking,772.5162968352128
2018-01-01,Back Wages per Employee,trucking,2873.4660470136723
2017-01-01,Back Wages per Employee,trucking,1746.8166821130676
2016-01-01,Back Wages per Employee,trucking,2167.202237163814
2015-01-01,Back Wages per Employee,trucking,1621.7419103448276
2014-01-01,Back Wages per Employee,trucking,1073.1184538096568
2013-01-01,Back Wages per Employee,trucking,658.337254064856
2023-01-01,Back Wages per Employee,utilities,588.9550684931507
2022-01-01,Back Wages per Employee,utilities,1218.6442
2021-01-01,Back Wages per Employee,utilities,1179.131261682243
2020-01-01,Back Wages per Employee,utilities,1558.4112974051898
2019-01-01,Back Wages per Employee,utilities,2833.316369294606
2018-01-01,Back Wages per Employee,utilities,847.4589885496183
2017-01-01,Back Wages per Employee,utilities,201.8488916876574
2016-01-01,Back Wages per Employee,utilities,1434.8334826325413
2015-01-01,Back Wages per Employee,utilities,1992.4230627871364
2014-01-01,Back Wages per Employee,utilities,773.4376844783716
2013-01-01,Back Wages per Employee,utilities,1073.7562068965517
2023-01-01,Back Wages per Employee,warehousing,1082.7914911660775
2022-01-01,Back Wages per Employee,warehousing,1541.0296226415094
2021-01-01,Back Wages per Employee,warehousing,1428.3960217654171
2020-01-01,Back Wages per Employee,warehousing,857.6704494382022
2019-01-01,Back Wages per Employee,warehousing,1606.0227856868028
2018-01-01,Back Wages per Employee,warehousing,1049.7876377952757
2017-01-01,Back Wages per Employee,warehousing,837.1815517241379
2016-01-01,Back Wages per Employee,warehousing,1625.267193877551
2015-01-01,Back Wages per Employee,warehousing,1406.4879069767442
2014-01-01,Back Wages per Employee,warehousing,1129.412695652174
2013-01-01,Back Wages per Employee,warehousing,1246.3726470588235
